seed,kernel,knob,width,Keff_target,Keff_measured,Keff_rice,D_PR,kappa_S,Q,N,alpha,P,solved,epochs_to_solve,final_train_err,init_fire_rate,n_grid,dt,mean_spikes,restart_overlap,n_restarts,optimizer,lr_schedule,batch_size,_shard_status
0,gauss,22.094882025527312,22.094882025527312,16.0,16.444274046134073,16.001628696747346,4.051525829863775,3.0000722381882023,nan,500,1.8,900,1,90,0.0,0.5011110901832581,30,17.35327976333244,0.8,0.14127838090062142,5,adam,cosine,16,timed_out
0,gauss,22.094882025527312,22.094882025527312,16.0,17.62237129123024,16.001628696747346,4.051525829863775,3.0000722381882023,nan,500,2.0,1000,1,172,0.0,0.5009999871253967,30,17.35327976333244,0.8,0.0896858550608158,5,adam,cosine,16,timed_out
0,gauss,22.094882025527312,22.094882025527312,16.0,15.904312808798327,16.001628696747346,4.051525829863775,3.0000722381882023,nan,500,2.2,1100,1,172,0.0,0.5009090900421143,30,17.35327976333244,0.8,0.19455139413475991,5,adam,cosine,16,timed_out
0,gauss,22.094882025527312,22.094882025527312,16.0,15.364351571462581,16.001628696747346,4.051525829863775,3.0000722381882023,nan,500,2.4,1200,1,434,0.0,0.5008333325386047,30,17.35327976333244,0.8,0.19296772070229054,5,adam,cosine,16,timed_out
0,gauss,22.094882025527312,22.094882025527312,16.0,15.707963267948967,16.001628696747346,4.051525829863775,3.0000722381882023,nan,500,2.6,1300,1,1085,0.0,0.5007692575454712,30,17.35327976333244,0.8,0.19045482824246088,5,adam,cosine,16,timed_out
0,gauss,22.094882025527312,22.094882025527312,16.0,15.560701112311945,16.001628696747346,4.051525829863775,3.0000722381882023,nan,500,2.8,1400,1,932,0.0,0.5007143020629883,30,17.35327976333244,0.8,0.22709164023399353,5,adam,cosine,16,timed_out
0,gauss,22.094882025527312,22.094882025527312,16.0,17.18058482431918,16.001628696747346,4.051525829863775,3.0000722381882023,nan,500,3.0,1500,0,-1,0.006000000052154064,0.5006666779518127,30,17.35327976333244,0.8,nan,5,adam,cosine,16,timed_out
0,gauss,22.094882025527312,22.094882025527312,16.0,16.29701189049705,16.001628696747346,4.051525829863775,3.0000722381882023,nan,500,3.2,1600,0,-1,0.04500000178813934,0.5006250143051147,30,17.35327976333244,0.8,nan,5,adam,cosine,16,timed_out
0,gauss,22.094882025527312,22.094882025527312,16.0,17.18058482431918,16.001628696747346,4.051525829863775,3.0000722381882023,nan,500,3.4,1700,0,-1,0.06352940946817398,0.5005882382392883,30,17.35327976333244,0.8,nan,5,adam,cosine,16,timed_out
0,gauss,11.049013821512121,11.049013821512121,32.0,32.054062543658354,31.998710890509145,8.120512295402854,3.0000868114552417,nan,500,1.8,900,1,83,0.0,0.5011110901832581,59,8.677875162768641,1.6,0.061300087813287975,5,adam,cosine,16,timed_out
0,gauss,11.049013821512121,11.049013821512121,32.0,30.43417883165112,31.998710890509145,8.120512295402854,3.0000868114552417,nan,500,2.0,1000,1,101,0.0,0.5009999871253967,59,8.677875162768641,1.6,0.07303693685680628,5,adam,cosine,16,timed_out
0,gauss,11.049013821512121,11.049013821512121,32.0,32.5940237809941,31.998710890509145,8.120512295402854,3.0000868114552417,nan,500,2.2,1100,1,156,0.0,0.5009090900421143,59,8.677875162768641,1.6,0.0933285892009735,5,adam,cosine,16,timed_out
0,gauss,11.049013821512121,11.049013821512121,32.0,32.5940237809941,31.998710890509145,8.120512295402854,3.0000868114552417,nan,500,2.4,1200,1,312,0.0,0.5008333325386047,59,8.677875162768641,1.6,0.10232803635299206,5,adam,cosine,16,timed_out
0,gauss,11.049013821512121,11.049013821512121,32.0,32.98672286269283,31.998710890509145,8.120512295402854,3.0000868114552417,nan,500,2.6,1300,1,524,0.0,0.5007692575454712,59,8.677875162768641,1.6,0.06569692296907306,5,adam,cosine,16,timed_out
0,gauss,11.049013821512121,11.049013821512121,32.0,32.98672286269283,31.998710890509145,8.120512295402854,3.0000868114552417,nan,500,2.8,1400,1,858,0.0,0.5007143020629883,59,8.677875162768641,1.6,0.08171912593146165,5,adam,cosine,16,timed_out
0,gauss,11.049013821512121,11.049013821512121,32.0,31.563188691534954,31.998710890509145,8.120512295402854,3.0000868114552417,nan,500,3.0,1500,0,-1,0.0026666666381061077,0.5006666779518127,59,8.677875162768641,1.6,nan,5,adam,cosine,16,timed_out
0,gauss,44.19705904895555,44.19705904895555,8.0,9.326603190344697,7.999487519616049,2.0056969593365785,3.000034270575378,nan,500,1.8,900,1,81,0.0,0.5011110901832581,15,34.71228900461826,0.4,0.19823161214590074,5,adam,cosine,16,timed_out
0,gauss,44.19705904895555,44.19705904895555,8.0,9.47386534598172,7.999487519616049,2.0056969593365785,3.000034270575378,nan,500,2.0,1000,1,106,0.0,0.5009999871253967,15,34.71228900461826,0.4,0.23336681947112084,5,adam,cosine,16,timed_out
0,gauss,44.19705904895555,44.19705904895555,8.0,8.54120502694725,7.999487519616049,2.0056969593365785,3.000034270575378,nan,500,2.2,1100,1,625,0.0,0.5009090900421143,15,34.71228900461826,0.4,0.26740519404411317,5,adam,cosine,16,timed_out
0,gauss,44.19705904895555,44.19705904895555,8.0,8.34485548609789,7.999487519616049,2.0056969593365785,3.000034270575378,nan,500,2.4,1200,1,893,0.0,0.5008333325386047,15,34.71228900461826,0.4,0.27812366336584093,5,adam,cosine,16,timed_out
0,gauss,44.19705904895555,44.19705904895555,8.0,8.443030256522567,7.999487519616049,2.0056969593365785,3.000034270575378,nan,500,2.6,1300,1,804,0.0007692307699471712,0.5007692575454712,15,34.71228900461826,0.4,0.36870163679122925,5,adam,cosine,16,timed_out
0,gauss,44.19705904895555,44.19705904895555,8.0,8.835729338221293,7.999487519616049,2.0056969593365785,3.000034270575378,nan,500,2.8,1400,0,-1,0.02142857201397419,0.5007143020629883,15,34.71228900461826,0.4,nan,5,adam,cosine,16,timed_out
0,gauss,44.19705904895555,44.19705904895555,8.0,8.099418560036186,7.999487519616049,2.0056969593365785,3.000034270575378,nan,500,3.0,1500,0,-1,0.07866666465997696,0.5006666779518127,15,34.71228900461826,0.4,nan,5,adam,cosine,16,timed_out
0,gauss,44.19705904895555,44.19705904895555,8.0,8.34485548609789,7.999487519616049,2.0056969593365785,3.000034270575378,nan,500,3.2,1600,0,-1,0.13124999403953552,0.5006250143051147,15,34.71228900461826,0.4,nan,5,adam,cosine,16,timed_out
0,gauss,44.19705904895555,44.19705904895555,8.0,8.295768100885548,7.999487519616049,2.0056969593365785,3.000034270575378,nan,500,3.4,1700,0,-1,0.1464705914258957,0.5005882382392883,15,34.71228900461826,0.4,nan,5,adam,cosine,16,timed_out
1,gauss,22.094882025527312,22.094882025527312,16.0,16.14974973486003,16.001628696747346,4.051525829863775,3.0000722381882023,nan,500,1.8,900,1,47,0.0,0.5011110901832581,30,17.35327976333244,0.8,0.09750165268778802,5,adam,cosine,16,timed_out
1,gauss,22.094882025527312,22.094882025527312,16.0,16.542448816558757,16.001628696747346,4.051525829863775,3.0000722381882023,nan,500,2.0,1000,1,170,0.0,0.5009999871253967,30,17.35327976333244,0.8,0.1300860818475485,5,adam,cosine,16,timed_out
1,gauss,22.094882025527312,22.094882025527312,16.0,17.524196520805564,16.001628696747346,4.051525829863775,3.0000722381882023,nan,500,2.2,1100,1,189,0.0,0.5009090900421143,30,17.35327976333244,0.8,0.1046255011111498,5,adam,cosine,16,timed_out
1,gauss,22.094882025527312,22.094882025527312,16.0,17.426021750380883,16.001628696747346,4.051525829863775,3.0000722381882023,nan,500,2.4,1200,1,745,0.0,0.5008333325386047,30,17.35327976333244,0.8,0.10766591709107161,5,adam,cosine,16,timed_out
1,gauss,22.094882025527312,22.094882025527312,16.0,17.27875959474386,16.001628696747346,4.051525829863775,3.0000722381882023,nan,500,2.6,1300,1,919,0.0,0.5007692575454712,30,17.35327976333244,0.8,0.19523653760552406,5,adam,cosine,16,timed_out
1,gauss,22.094882025527312,22.094882025527312,16.0,15.953400194010667,16.001628696747346,4.051525829863775,3.0000722381882023,nan,500,2.8,1400,1,1038,0.0,0.5007143020629883,30,17.35327976333244,0.8,0.1980247911065817,5,adam,cosine,16,timed_out
1,gauss,22.094882025527312,22.094882025527312,16.0,18.06415775814131,16.001628696747346,4.051525829863775,3.0000722381882023,nan,500,3.0,1500,0,-1,0.005333333276212215,0.5006666779518127,30,17.35327976333244,0.8,nan,5,adam,cosine,16,timed_out
1,gauss,22.094882025527312,22.094882025527312,16.0,16.542448816558757,16.001628696747346,4.051525829863775,3.0000722381882023,nan,500,3.2,1600,0,-1,0.03750000149011612,0.5006250143051147,30,17.35327976333244,0.8,nan,5,adam,cosine,16,timed_out
1,gauss,22.094882025527312,22.094882025527312,16.0,17.426021750380883,16.001628696747346,4.051525829863775,3.0000722381882023,nan,500,3.4,1700,0,-1,0.09823529422283173,0.5005882382392883,30,17.35327976333244,0.8,nan,5,adam,cosine,16,timed_out
1,gauss,11.049013821512121,11.049013821512121,32.0,31.95588777323368,31.998710890509145,8.120512295402854,3.0000868114552417,nan,500,1.8,900,1,57,0.0,0.5011110901832581,59,8.677875162768641,1.6,0.08069025911390781,5,adam,cosine,16,timed_out
1,gauss,11.049013821512121,11.049013821512121,32.0,31.759538232384315,31.998710890509145,8.120512295402854,3.0000868114552417,nan,500,2.0,1000,1,110,0.0,0.5009999871253967,59,8.677875162768641,1.6,0.09253296442329884,5,adam,cosine,16,timed_out
1,gauss,11.049013821512121,11.049013821512121,32.0,32.49584901056943,31.998710890509145,8.120512295402854,3.0000868114552417,nan,500,2.2,1100,1,236,0.0,0.5009090900421143,59,8.677875162768641,1.6,0.11388803273439407,5,adam,cosine,16,timed_out
1,gauss,11.049013821512121,11.049013821512121,32.0,33.4285093296039,31.998710890509145,8.120512295402854,3.0000868114552417,nan,500,2.4,1200,1,454,0.0,0.5008333325386047,59,8.677875162768641,1.6,0.09651888031512498,5,adam,cosine,16,timed_out
1,gauss,11.049013821512121,11.049013821512121,32.0,31.31775176547325,31.998710890509145,8.120512295402854,3.0000868114552417,nan,500,2.6,1300,1,749,0.0,0.5007692575454712,59,8.677875162768641,1.6,0.07463085073977709,5,adam,cosine,16,timed_out
1,gauss,11.049013821512121,11.049013821512121,32.0,32.25041208450772,31.998710890509145,8.120512295402854,3.0000868114552417,nan,500,2.8,1400,1,839,0.0,0.5007143020629883,59,8.677875162768641,1.6,0.12837451249361037,5,adam,cosine,16,timed_out
1,gauss,11.049013821512121,11.049013821512121,32.0,32.397674240144745,31.998710890509145,8.120512295402854,3.0000868114552417,nan,500,3.0,1500,1,1084,0.0,0.5006666779518127,59,8.677875162768641,1.6,nan,5,adam,cosine,16,timed_out
1,gauss,44.19705904895555,44.19705904895555,8.0,8.246680715673207,7.999487519616049,2.0056969593365785,3.000034270575378,nan,500,1.8,900,1,52,0.0,0.5011110901832581,15,34.71228900461826,0.4,0.3003054454922676,5,adam,cosine,16,timed_out
1,gauss,44.19705904895555,44.19705904895555,8.0,9.032078879070655,7.999487519616049,2.0056969593365785,3.000034270575378,nan,500,2.0,1000,1,128,0.0,0.5009999871253967,15,34.71228900461826,0.4,0.2538983359932899,5,adam,cosine,16,timed_out
1,gauss,44.19705904895555,44.19705904895555,8.0,9.866564427680444,7.999487519616049,2.0056969593365785,3.000034270575378,nan,500,2.2,1100,1,382,0.0,0.5009090900421143,15,34.71228900461826,0.4,0.2648510247468948,5,adam,cosine,16,timed_out
1,gauss,44.19705904895555,44.19705904895555,8.0,8.786641953008953,7.999487519616049,2.0056969593365785,3.000034270575378,nan,500,2.4,1200,1,836,0.0,0.5008333325386047,15,34.71228900461826,0.4,0.3026248390475909,5,adam,cosine,16,timed_out
1,gauss,44.19705904895555,44.19705904895555,8.0,8.786641953008953,7.999487519616049,2.0056969593365785,3.000034270575378,nan,500,2.6,1300,1,915,0.00615384615957737,0.5007692575454712,15,34.71228900461826,0.4,nan,5,adam,cosine,16,timed_out
1,gauss,44.19705904895555,44.19705904895555,8.0,8.197593330460867,7.999487519616049,2.0056969593365785,3.000034270575378,nan,500,2.8,1400,0,-1,0.014285714365541935,0.5007143020629883,15,34.71228900461826,0.4,nan,5,adam,cosine,16,timed_out
1,gauss,44.19705904895555,44.19705904895555,8.0,8.982991493858314,7.999487519616049,2.0056969593365785,3.000034270575378,nan,500,3.0,1500,0,-1,0.07866666465997696,0.5006666779518127,15,34.71228900461826,0.4,nan,5,adam,cosine,16,timed_out
1,gauss,44.19705904895555,44.19705904895555,8.0,9.081166264282997,7.999487519616049,2.0056969593365785,3.000034270575378,nan,500,3.2,1600,0,-1,0.08312500268220901,0.5006250143051147,15,34.71228900461826,0.4,nan,5,adam,cosine,16,timed_out
1,gauss,44.19705904895555,44.19705904895555,8.0,9.228428419920018,7.999487519616049,2.0056969593365785,3.000034270575378,nan,500,3.4,1700,0,-1,0.12705881893634796,0.5005882382392883,15,34.71228900461826,0.4,nan,5,adam,cosine,16,timed_out
2,gauss,22.094882025527312,22.094882025527312,16.0,17.573283906017906,16.001628696747346,4.051525829863775,3.0000722381882023,nan,500,1.8,900,1,71,0.0,0.5011110901832581,30,17.35327976333244,0.8,0.14224898517131807,5,adam,cosine,16,timed_out
2,gauss,22.094882025527312,22.094882025527312,16.0,15.609788497524285,16.001628696747346,4.051525829863775,3.0000722381882023,nan,500,2.0,1000,1,99,0.0,0.5009999871253967,30,17.35327976333244,0.8,0.14637801423668861,5,adam,cosine,16,timed_out
2,gauss,22.094882025527312,22.094882025527312,16.0,17.72054606165493,16.001628696747346,4.051525829863775,3.0000722381882023,nan,500,2.2,1100,1,581,0.0,0.5009090900421143,30,17.35327976333244,0.8,0.1805516615509987,5,adam,cosine,16,timed_out
2,gauss,22.094882025527312,22.094882025527312,16.0,16.14974973486003,16.001628696747346,4.051525829863775,3.0000722381882023,nan,500,2.4,1200,1,716,0.0,0.5008333325386047,30,17.35327976333244,0.8,0.16844924986362458,5,adam,cosine,16,timed_out
2,gauss,22.094882025527312,22.094882025527312,16.0,16.591536201771095,16.001628696747346,4.051525829863775,3.0000722381882023,nan,500,2.6,1300,1,548,0.0007692307699471712,0.5007692575454712,30,17.35327976333244,0.8,0.1872449442744255,5,adam,cosine,16,timed_out
2,gauss,22.094882025527312,22.094882025527312,16.0,17.033322668682157,16.001628696747346,4.051525829863775,3.0000722381882023,nan,500,2.8,1400,1,883,0.002142857061699033,0.5007143020629883,30,17.35327976333244,0.8,nan,5,adam,cosine,16,timed_out
2,gauss,22.094882025527312,22.094882025527312,16.0,17.622371291230245,16.001628696747346,4.051525829863775,3.0000722381882023,nan,500,3.0,1500,0,-1,0.007333333138376474,0.5006666779518127,30,17.35327976333244,0.8,nan,5,adam,cosine,16,timed_out
2,gauss,22.094882025527312,22.094882025527312,16.0,16.886060513045134,16.001628696747346,4.051525829863775,3.0000722381882023,nan,500,3.2,1600,0,-1,0.09000000357627869,0.5006250143051147,30,17.35327976333244,0.8,nan,5,adam,cosine,16,timed_out
2,gauss,22.094882025527312,22.094882025527312,16.0,17.37693436516854,16.001628696747346,4.051525829863775,3.0000722381882023,nan,500,3.4,1700,0,-1,0.07823529094457626,0.5005882382392883,30,17.35327976333244,0.8,nan,5,adam,cosine,16,timed_out
2,gauss,11.049013821512121,11.049013821512121,32.0,32.54493639578177,31.998710890509145,8.120512295402854,3.0000868114552417,nan,500,1.8,900,1,75,0.0,0.5011110901832581,59,8.677875162768641,1.6,0.038980511203408244,5,adam,cosine,16,timed_out
2,gauss,11.049013821512121,11.049013821512121,32.0,33.18307240354219,31.998710890509145,8.120512295402854,3.0000868114552417,nan,500,2.0,1000,1,131,0.0,0.5009999871253967,59,8.677875162768641,1.6,0.07454377021640539,5,adam,cosine,16,timed_out
2,gauss,11.049013821512121,11.049013821512121,32.0,32.888548092268145,31.998710890509145,8.120512295402854,3.0000868114552417,nan,500,2.2,1100,1,162,0.0,0.5009090900421143,59,8.677875162768641,1.6,0.08679716270416975,5,adam,cosine,16,timed_out
2,gauss,11.049013821512121,11.049013821512121,32.0,31.46501392111027,31.998710890509145,8.120512295402854,3.0000868114552417,nan,500,2.4,1200,1,502,0.0,0.5008333325386047,59,8.677875162768641,1.6,0.08664727304130793,5,adam,cosine,16,timed_out
2,gauss,11.049013821512121,11.049013821512121,32.0,32.643111166206445,31.998710890509145,8.120512295402854,3.0000868114552417,nan,500,2.6,1300,1,476,0.0,0.5007692575454712,59,8.677875162768641,1.6,0.10849022697657347,5,adam,cosine,16,timed_out
2,gauss,11.049013821512121,11.049013821512121,32.0,32.692198551418784,31.998710890509145,8.120512295402854,3.0000868114552417,nan,500,2.8,1400,1,755,0.0,0.5007143020629883,59,8.677875162768641,1.6,0.09197525251656771,5,adam,cosine,16,timed_out
2,gauss,11.049013821512121,11.049013821512121,32.0,31.023227454199205,31.998710890509145,8.120512295402854,3.0000868114552417,nan,500,3.0,1500,1,1082,0.0,0.5006666779518127,59,8.677875162768641,1.6,0.12043872972329457,5,adam,cosine,16,timed_out
2,gauss,44.19705904895555,44.19705904895555,8.0,8.393942871310228,7.999487519616049,2.0056969593365785,3.000034270575378,nan,500,1.8,900,1,63,0.0,0.5011110901832581,15,34.71228900461826,0.4,0.1956501804292202,5,adam,cosine,16,timed_out
2,gauss,44.19705904895555,44.19705904895555,8.0,9.081166264282997,7.999487519616049,2.0056969593365785,3.000034270575378,nan,500,2.0,1000,1,166,0.0,0.5009999871253967,15,34.71228900461826,0.4,0.25882773399353026,5,adam,cosine,16,timed_out
2,gauss,44.19705904895555,44.19705904895555,8.0,9.228428419920018,7.999487519616049,2.0056969593365785,3.000034270575378,nan,500,2.2,1100,1,190,0.0,0.5009090900421143,15,34.71228900461826,0.4,0.2084151491522789,5,adam,cosine,16,timed_out
2,gauss,44.19705904895555,44.19705904895555,8.0,9.032078879070655,7.999487519616049,2.0056969593365785,3.000034270575378,nan,500,2.4,1200,1,600,0.0,0.5008333325386047,15,34.71228900461826,0.4,0.2660451002418995,5,adam,cosine,16,timed_out
2,gauss,44.19705904895555,44.19705904895555,8.0,8.835729338221293,7.999487519616049,2.0056969593365785,3.000034270575378,nan,500,2.6,1300,1,1128,0.0015384615398943424,0.5007692575454712,15,34.71228900461826,0.4,nan,5,adam,cosine,16,timed_out
2,gauss,44.19705904895555,44.19705904895555,8.0,8.835729338221293,7.999487519616049,2.0056969593365785,3.000034270575378,nan,500,2.8,1400,0,-1,0.011428571306169033,0.5007143020629883,15,34.71228900461826,0.4,nan,5,adam,cosine,16,timed_out
2,gauss,44.19705904895555,44.19705904895555,8.0,8.68846718258427,7.999487519616049,2.0056969593365785,3.000034270575378,nan,500,3.0,1500,0,-1,0.0846666693687439,0.5006666779518127,15,34.71228900461826,0.4,nan,5,adam,cosine,16,timed_out
2,gauss,44.19705904895555,44.19705904895555,8.0,8.393942871310228,7.999487519616049,2.0056969593365785,3.000034270575378,nan,500,3.2,1600,0,-1,0.08500000089406967,0.5006250143051147,15,34.71228900461826,0.4,nan,5,adam,cosine,16,timed_out
2,gauss,44.19705904895555,44.19705904895555,8.0,8.393942871310228,7.999487519616049,2.0056969593365785,3.000034270575378,nan,500,3.4,1700,0,-1,0.1276470571756363,0.5005882382392883,15,34.71228900461826,0.4,nan,5,adam,cosine,16,timed_out
3,gauss,22.094882025527312,22.094882025527312,16.0,17.13149743910684,16.001628696747346,4.051525829863775,3.0000722381882023,nan,500,1.8,900,1,58,0.0,0.5011110901832581,30,17.35327976333244,0.8,0.13018715158104896,5,adam,cosine,16,timed_out
3,gauss,22.094882025527312,22.094882025527312,16.0,16.346099275709392,16.001628696747346,4.051525829863775,3.0000722381882023,nan,500,2.0,1000,1,118,0.0,0.5009999871253967,30,17.35327976333244,0.8,0.13029803037643434,5,adam,cosine,16,timed_out
3,gauss,22.094882025527312,22.094882025527312,16.0,17.47510913559322,16.001628696747346,4.051525829863775,3.0000722381882023,nan,500,2.2,1100,1,168,0.0,0.5009090900421143,30,17.35327976333244,0.8,0.14840095564723016,5,adam,cosine,16,timed_out
3,gauss,22.094882025527312,22.094882025527312,16.0,16.395186660921734,16.001628696747346,4.051525829863775,3.0000722381882023,nan,500,2.4,1200,1,604,0.0,0.5008333325386047,30,17.35327976333244,0.8,0.13021653182804585,5,adam,cosine,16,timed_out
3,gauss,22.094882025527312,22.094882025527312,16.0,17.27875959474386,16.001628696747346,4.051525829863775,3.0000722381882023,nan,500,2.6,1300,1,921,0.0,0.5007692575454712,30,17.35327976333244,0.8,0.16659560551246008,5,adam,cosine,16,timed_out
3,gauss,22.094882025527312,22.094882025527312,16.0,16.346099275709392,16.001628696747346,4.051525829863775,3.0000722381882023,nan,500,2.8,1400,1,1151,0.0028571428265422583,0.5007143020629883,30,17.35327976333244,0.8,0.20175547897815704,5,adam,cosine,16,timed_out
3,gauss,22.094882025527312,22.094882025527312,16.0,17.18058482431918,16.001628696747346,4.051525829863775,3.0000722381882023,nan,500,3.0,1500,0,-1,0.004000000189989805,0.5006666779518127,30,17.35327976333244,0.8,nan,5,adam,cosine,16,timed_out
3,gauss,22.094882025527312,22.094882025527312,16.0,16.100662349647692,16.001628696747346,4.051525829863775,3.0000722381882023,nan,500,3.2,1600,0,-1,0.051249999552965164,0.5006250143051147,30,17.35327976333244,0.8,nan,5,adam,cosine,16,timed_out
3,gauss,22.094882025527312,22.094882025527312,16.0,16.787885742620457,16.001628696747346,4.051525829863775,3.0000722381882023,nan,500,3.4,1700,0,-1,0.0676470622420311,0.5005882382392883,30,17.35327976333244,0.8,nan,5,adam,cosine,16,timed_out
3,gauss,11.049013821512121,11.049013821512121,32.0,32.3485868549324,31.998710890509145,8.120512295402854,3.0000868114552417,nan,500,1.8,900,1,71,0.0,0.5011110901832581,59,8.677875162768641,1.6,0.04582052435725927,5,adam,cosine,16,timed_out
3,gauss,11.049013821512121,11.049013821512121,32.0,31.072314839411547,31.998710890509145,8.120512295402854,3.0000868114552417,nan,500,2.0,1000,1,102,0.0,0.5009999871253967,59,8.677875162768641,1.6,0.0722459515556693,5,adam,cosine,16,timed_out
3,gauss,11.049013821512121,11.049013821512121,32.0,33.23215978875453,31.998710890509145,8.120512295402854,3.0000868114552417,nan,500,2.2,1100,1,302,0.0,0.5009090900421143,59,8.677875162768641,1.6,0.09410257861018181,5,adam,cosine,16,timed_out
3,gauss,11.049013821512121,11.049013821512121,32.0,33.13398501832985,31.998710890509145,8.120512295402854,3.0000868114552417,nan,500,2.4,1200,1,559,0.0,0.5008333325386047,59,8.677875162768641,1.6,0.11091870814561844,5,adam,cosine,16,timed_out
3,gauss,11.049013821512121,11.049013821512121,32.0,32.49584901056943,31.998710890509145,8.120512295402854,3.0000868114552417,nan,500,2.6,1300,1,610,0.0,0.5007692575454712,59,8.677875162768641,1.6,0.10862260907888413,5,adam,cosine,16,timed_out
3,gauss,11.049013821512121,11.049013821512121,32.0,31.02322745419921,31.998710890509145,8.120512295402854,3.0000868114552417,nan,500,2.8,1400,1,960,0.0,0.5007143020629883,59,8.677875162768641,1.6,0.0646994698792696,5,adam,cosine,16,timed_out
3,gauss,11.049013821512121,11.049013821512121,32.0,33.37942194439156,31.998710890509145,8.120512295402854,3.0000868114552417,nan,500,3.0,1500,0,-1,0.0006666666595265269,0.5006666779518127,59,8.677875162768641,1.6,nan,5,adam,cosine,16,timed_out
3,gauss,44.19705904895555,44.19705904895555,8.0,9.130253649495335,7.999487519616049,2.0056969593365785,3.000034270575378,nan,500,1.8,900,1,74,0.0,0.5011110901832581,15,34.71228900461826,0.4,0.2242773599922657,5,adam,cosine,16,timed_out
3,gauss,44.19705904895555,44.19705904895555,8.0,9.326603190344697,7.999487519616049,2.0056969593365785,3.000034270575378,nan,500,2.0,1000,1,179,0.0,0.5009999871253967,15,34.71228900461826,0.4,0.23032089918851853,5,adam,cosine,16,timed_out
3,gauss,44.19705904895555,44.19705904895555,8.0,9.130253649495335,7.999487519616049,2.0056969593365785,3.000034270575378,nan,500,2.2,1100,1,397,0.0,0.5009090900421143,15,34.71228900461826,0.4,0.29010226428508756,5,adam,cosine,16,timed_out
3,gauss,44.19705904895555,44.19705904895555,8.0,8.59029241215959,7.999487519616049,2.0056969593365785,3.000034270575378,nan,500,2.4,1200,1,620,0.0,0.5008333325386047,15,34.71228900461826,0.4,0.295410318672657,5,adam,cosine,16,timed_out
3,gauss,44.19705904895555,44.19705904895555,8.0,8.54120502694725,7.999487519616049,2.0056969593365785,3.000034270575378,nan,500,2.6,1300,1,1115,0.003076923079788685,0.5007692575454712,15,34.71228900461826,0.4,0.27502304315567017,5,adam,cosine,16,timed_out
3,gauss,44.19705904895555,44.19705904895555,8.0,8.786641953008953,7.999487519616049,2.0056969593365785,3.000034270575378,nan,500,2.8,1400,0,-1,0.027857143431901932,0.5007143020629883,15,34.71228900461826,0.4,nan,5,adam,cosine,16,timed_out
3,gauss,44.19705904895555,44.19705904895555,8.0,8.246680715673207,7.999487519616049,2.0056969593365785,3.000034270575378,nan,500,3.0,1500,0,-1,0.03266666829586029,0.5006666779518127,15,34.71228900461826,0.4,nan,5,adam,cosine,16,timed_out
3,gauss,44.19705904895555,44.19705904895555,8.0,8.73755456779661,7.999487519616049,2.0056969593365785,3.000034270575378,nan,500,3.2,1600,0,-1,0.1106249988079071,0.5006250143051147,15,34.71228900461826,0.4,nan,5,adam,cosine,16,timed_out
3,gauss,44.19705904895555,44.19705904895555,8.0,8.933904108645974,7.999487519616049,2.0056969593365785,3.000034270575378,nan,500,3.4,1700,0,-1,0.13235294818878174,0.5005882382392883,15,34.71228900461826,0.4,nan,5,adam,cosine,16,timed_out
4,gauss,22.094882025527312,22.094882025527312,16.0,17.229672209531522,16.001628696747346,4.051525829863775,3.0000722381882023,nan,500,1.8,900,1,82,0.0,0.5011110901832581,30,17.35327976333244,0.8,0.1680795207619667,5,adam,cosine,16,timed_out
4,gauss,22.094882025527312,22.094882025527312,16.0,17.18058482431918,16.001628696747346,4.051525829863775,3.0000722381882023,nan,500,2.0,1000,1,108,0.0,0.5009999871253967,30,17.35327976333244,0.8,0.17673316299915315,5,adam,cosine,16,timed_out
4,gauss,22.094882025527312,22.094882025527312,16.0,16.444274046134073,16.001628696747346,4.051525829863775,3.0000722381882023,nan,500,2.2,1100,1,303,0.0,0.5009090900421143,30,17.35327976333244,0.8,0.14577837362885476,5,adam,cosine,16,timed_out
4,gauss,22.094882025527312,22.094882025527312,16.0,16.247924505284715,16.001628696747346,4.051525829863775,3.0000722381882023,nan,500,2.4,1200,1,806,0.0,0.5008333325386047,30,17.35327976333244,0.8,0.12902537807822229,5,adam,cosine,16,timed_out
4,gauss,22.094882025527312,22.094882025527312,16.0,16.493361431346415,16.001628696747346,4.051525829863775,3.0000722381882023,nan,500,2.6,1300,1,1022,0.0,0.5007692575454712,30,17.35327976333244,0.8,0.17151579136649767,5,adam,cosine,16,timed_out
4,gauss,22.094882025527312,22.094882025527312,16.0,17.769633446867264,16.001628696747346,4.051525829863775,3.0000722381882023,nan,500,2.8,1400,1,959,0.0,0.5007143020629883,30,17.35327976333244,0.8,0.16791477799415588,5,adam,cosine,16,timed_out
4,gauss,22.094882025527312,22.094882025527312,16.0,16.98423528346982,16.001628696747346,4.051525829863775,3.0000722381882023,nan,500,3.0,1500,0,-1,0.009999999776482582,0.5006666779518127,30,17.35327976333244,0.8,nan,5,adam,cosine,16,timed_out
4,gauss,22.094882025527312,22.094882025527312,16.0,17.47510913559322,16.001628696747346,4.051525829863775,3.0000722381882023,nan,500,3.2,1600,0,-1,0.02437499910593033,0.5006250143051147,30,17.35327976333244,0.8,nan,5,adam,cosine,16,timed_out
4,gauss,22.094882025527312,22.094882025527312,16.0,17.13149743910684,16.001628696747346,4.051525829863775,3.0000722381882023,nan,500,3.4,1700,0,-1,0.05941176414489746,0.5005882382392883,30,17.35327976333244,0.8,nan,5,adam,cosine,16,timed_out
4,gauss,11.049013821512121,11.049013821512121,32.0,32.054062543658354,31.998710890509145,8.120512295402854,3.0000868114552417,nan,500,1.8,900,1,96,0.0,0.5011110901832581,59,8.677875162768641,1.6,0.0569422640837729,5,adam,cosine,16,timed_out
4,gauss,11.049013821512121,11.049013821512121,32.0,32.692198551418784,31.998710890509145,8.120512295402854,3.0000868114552417,nan,500,2.0,1000,1,109,0.0,0.5009999871253967,59,8.677875162768641,1.6,0.06625710632652045,5,adam,cosine,16,timed_out
4,gauss,11.049013821512121,11.049013821512121,32.0,32.3485868549324,31.998710890509145,8.120512295402854,3.0000868114552417,nan,500,2.2,1100,1,144,0.0,0.5009090900421143,59,8.677875162768641,1.6,0.08740333495661616,5,adam,cosine,16,timed_out
4,gauss,11.049013821512121,11.049013821512121,32.0,30.630528372500482,31.998710890509145,8.120512295402854,3.0000868114552417,nan,500,2.4,1200,1,322,0.0,0.5008333325386047,59,8.677875162768641,1.6,0.07987252101302147,5,adam,cosine,16,timed_out
4,gauss,11.049013821512121,11.049013821512121,32.0,31.808625617596654,31.998710890509145,8.120512295402854,3.0000868114552417,nan,500,2.6,1300,1,696,0.0,0.5007692575454712,59,8.677875162768641,1.6,0.0919418390840292,5,adam,cosine,16,timed_out
4,gauss,11.049013821512121,11.049013821512121,32.0,32.839460707055814,31.998710890509145,8.120512295402854,3.0000868114552417,nan,500,2.8,1400,1,713,0.0,0.5007143020629883,59,8.677875162768641,1.6,0.14580816278855005,5,adam,cosine,16,timed_out
4,gauss,11.049013821512121,11.049013821512121,32.0,31.95588777323368,31.998710890509145,8.120512295402854,3.0000868114552417,nan,500,3.0,1500,1,1045,0.0026666666381061077,0.5006666779518127,59,8.677875162768641,1.6,0.08862144003311793,5,adam,cosine,16,timed_out
4,gauss,44.19705904895555,44.19705904895555,8.0,8.49211764173491,7.999487519616049,2.0056969593365785,3.000034270575378,nan,500,1.8,900,1,70,0.0,0.5011110901832581,15,34.71228900461826,0.4,0.1771106094121933,5,adam,cosine,16,timed_out
4,gauss,44.19705904895555,44.19705904895555,8.0,8.982991493858314,7.999487519616049,2.0056969593365785,3.000034270575378,nan,500,2.0,1000,1,105,0.0,0.5009999871253967,15,34.71228900461826,0.4,0.25926594734191893,5,adam,cosine,16,timed_out
4,gauss,44.19705904895555,44.19705904895555,8.0,8.63937979737193,7.999487519616049,2.0056969593365785,3.000034270575378,nan,500,2.2,1100,1,314,0.0,0.5009090900421143,15,34.71228900461826,0.4,0.3332153528928757,5,adam,cosine,16,timed_out
4,gauss,44.19705904895555,44.19705904895555,8.0,8.835729338221293,7.999487519616049,2.0056969593365785,3.000034270575378,nan,500,2.4,1200,1,484,0.0,0.5008333325386047,15,34.71228900461826,0.4,0.4086991399526596,5,adam,cosine,16,timed_out
4,gauss,44.19705904895555,44.19705904895555,8.0,9.375690575557039,7.999487519616049,2.0056969593365785,3.000034270575378,nan,500,2.6,1300,1,752,0.0,0.5007692575454712,15,34.71228900461826,0.4,0.385810399055481,5,adam,cosine,16,timed_out
4,gauss,44.19705904895555,44.19705904895555,8.0,8.63937979737193,7.999487519616049,2.0056969593365785,3.000034270575378,nan,500,2.8,1400,0,-1,0.006428571417927742,0.5007143020629883,15,34.71228900461826,0.4,nan,5,adam,cosine,16,timed_out
4,gauss,44.19705904895555,44.19705904895555,8.0,8.73755456779661,7.999487519616049,2.0056969593365785,3.000034270575378,nan,500,3.0,1500,0,-1,0.10400000214576721,0.5006666779518127,15,34.71228900461826,0.4,nan,5,adam,cosine,16,timed_out
4,gauss,44.19705904895555,44.19705904895555,8.0,8.393942871310228,7.999487519616049,2.0056969593365785,3.000034270575378,nan,500,3.2,1600,0,-1,0.11249999701976776,0.5006250143051147,15,34.71228900461826,0.4,nan,5,adam,cosine,16,timed_out
4,gauss,44.19705904895555,44.19705904895555,8.0,8.34485548609789,7.999487519616049,2.0056969593365785,3.000034270575378,nan,500,3.4,1700,0,-1,0.10764706134796143,0.5005882382392883,15,34.71228900461826,0.4,nan,5,adam,cosine,16,timed_out
5,gauss,22.094882025527312,22.094882025527312,16.0,17.622371291230245,16.001628696747346,4.051525829863775,3.0000722381882023,nan,500,1.8,900,1,51,0.0,0.5011110901832581,30,17.35327976333244,0.8,0.1499040685594082,5,adam,cosine,16,timed_out
5,gauss,22.094882025527312,22.094882025527312,16.0,16.68971097219578,16.001628696747346,4.051525829863775,3.0000722381882023,nan,500,2.0,1000,1,150,0.0,0.5009999871253967,30,17.35327976333244,0.8,0.1071465821005404,5,adam,cosine,16,timed_out
5,gauss,22.094882025527312,22.094882025527312,16.0,16.738798357408115,16.001628696747346,4.051525829863775,3.0000722381882023,nan,500,2.2,1100,1,868,0.0,0.5009090900421143,30,17.35327976333244,0.8,0.132138211093843,5,adam,cosine,16,timed_out
5,gauss,22.094882025527312,22.094882025527312,16.0,15.953400194010667,16.001628696747346,4.051525829863775,3.0000722381882023,nan,500,2.4,1200,1,393,0.0008333333535119891,0.5008333325386047,30,17.35327976333244,0.8,0.19141698131958643,5,adam,cosine,16,timed_out
5,gauss,22.094882025527312,22.094882025527312,16.0,17.524196520805564,16.001628696747346,4.051525829863775,3.0000722381882023,nan,500,2.6,1300,1,829,0.0,0.5007692575454712,30,17.35327976333244,0.8,0.13237252533435823,5,adam,cosine,16,timed_out
5,gauss,22.094882025527312,22.094882025527312,16.0,16.444274046134073,16.001628696747346,4.051525829863775,3.0000722381882023,nan,500,2.8,1400,1,1052,0.0,0.5007143020629883,30,17.35327976333244,0.8,0.22290334602197012,5,adam,cosine,16,timed_out
5,gauss,22.094882025527312,22.094882025527312,16.0,16.591536201771095,16.001628696747346,4.051525829863775,3.0000722381882023,nan,500,3.0,1500,0,-1,0.009333333000540733,0.5006666779518127,30,17.35327976333244,0.8,nan,5,adam,cosine,16,timed_out
5,gauss,22.094882025527312,22.094882025527312,16.0,16.247924505284715,16.001628696747346,4.051525829863775,3.0000722381882023,nan,500,3.2,1600,0,-1,0.010625000111758709,0.5006250143051147,30,17.35327976333244,0.8,nan,5,adam,cosine,16,timed_out
5,gauss,22.094882025527312,22.094882025527312,16.0,16.002487579223008,16.001628696747346,4.051525829863775,3.0000722381882023,nan,500,3.4,1700,0,-1,0.09647058695554733,0.5005882382392883,30,17.35327976333244,0.8,nan,5,adam,cosine,16,timed_out
5,gauss,11.049013821512121,11.049013821512121,32.0,30.925052683774524,31.998710890509145,8.120512295402854,3.0000868114552417,nan,500,1.8,900,1,118,0.0,0.5011110901832581,59,8.677875162768641,1.6,0.08070118501782417,5,adam,cosine,16,timed_out
5,gauss,11.049013821512121,11.049013821512121,32.0,31.072314839411547,31.998710890509145,8.120512295402854,3.0000868114552417,nan,500,2.0,1000,1,149,0.0,0.5009999871253967,59,8.677875162768641,1.6,0.10858814157545567,5,adam,cosine,16,timed_out
5,gauss,11.049013821512121,11.049013821512121,32.0,32.54493639578177,31.998710890509145,8.120512295402854,3.0000868114552417,nan,500,2.2,1100,1,211,0.0,0.5009090900421143,59,8.677875162768641,1.6,0.07659037411212921,5,adam,cosine,16,timed_out
5,gauss,11.049013821512121,11.049013821512121,32.0,33.723033640877944,31.998710890509145,8.120512295402854,3.0000868114552417,nan,500,2.4,1200,1,385,0.0,0.5008333325386047,59,8.677875162768641,1.6,0.08791902251541614,5,adam,cosine,16,timed_out
5,gauss,11.049013821512121,11.049013821512121,32.0,30.925052683774524,31.998710890509145,8.120512295402854,3.0000868114552417,nan,500,2.6,1300,1,419,0.0,0.5007692575454712,59,8.677875162768641,1.6,0.11664812844246626,5,adam,cosine,16,timed_out
5,gauss,11.049013821512121,11.049013821512121,32.0,32.397674240144745,31.998710890509145,8.120512295402854,3.0000868114552417,nan,500,2.8,1400,1,805,0.0,0.5007143020629883,59,8.677875162768641,1.6,0.06721115577965975,5,adam,cosine,16,timed_out
5,gauss,11.049013821512121,11.049013821512121,32.0,31.95588777323368,31.998710890509145,8.120512295402854,3.0000868114552417,nan,500,3.0,1500,1,982,0.0006666666595265269,0.5006666779518127,59,8.677875162768641,1.6,0.17865979671478271,5,adam,cosine,16,timed_out
5,gauss,44.19705904895555,44.19705904895555,8.0,8.982991493858314,7.999487519616049,2.0056969593365785,3.000034270575378,nan,500,1.8,900,1,73,0.0,0.5011110901832581,15,34.71228900461826,0.4,0.19958344474434853,5,adam,cosine,16,timed_out
5,gauss,44.19705904895555,44.19705904895555,8.0,9.522952731194062,7.999487519616049,2.0056969593365785,3.000034270575378,nan,500,2.0,1000,1,129,0.0,0.5009999871253967,15,34.71228900461826,0.4,0.2676903888583183,5,adam,cosine,16,timed_out
5,gauss,44.19705904895555,44.19705904895555,8.0,9.62112750161874,7.999487519616049,2.0056969593365785,3.000034270575378,nan,500,2.2,1100,1,251,0.0,0.5009090900421143,15,34.71228900461826,0.4,0.2503920644521713,5,adam,cosine,16,timed_out
5,gauss,44.19705904895555,44.19705904895555,8.0,8.63937979737193,7.999487519616049,2.0056969593365785,3.000034270575378,nan,500,2.4,1200,1,775,0.0008333333535119891,0.5008333325386047,15,34.71228900461826,0.4,0.21985647330681482,5,adam,cosine,16,timed_out
5,gauss,44.19705904895555,44.19705904895555,8.0,8.63937979737193,7.999487519616049,2.0056969593365785,3.000034270575378,nan,500,2.6,1300,1,1081,0.0007692307699471712,0.5007692575454712,15,34.71228900461826,0.4,nan,5,adam,cosine,16,timed_out
5,gauss,44.19705904895555,44.19705904895555,8.0,8.246680715673207,7.999487519616049,2.0056969593365785,3.000034270575378,nan,500,2.8,1400,0,-1,0.015714285895228386,0.5007143020629883,15,34.71228900461826,0.4,nan,5,adam,cosine,16,timed_out
5,gauss,44.19705904895555,44.19705904895555,8.0,9.228428419920018,7.999487519616049,2.0056969593365785,3.000034270575378,nan,500,3.0,1500,0,-1,0.0533333346247673,0.5006666779518127,15,34.71228900461826,0.4,nan,5,adam,cosine,16,timed_out
5,gauss,44.19705904895555,44.19705904895555,8.0,7.804894248762142,7.999487519616049,2.0056969593365785,3.000034270575378,nan,500,3.2,1600,0,-1,0.11187499761581421,0.5006250143051147,15,34.71228900461826,0.4,nan,5,adam,cosine,16,timed_out
5,gauss,44.19705904895555,44.19705904895555,8.0,8.001243789611504,7.999487519616049,2.0056969593365785,3.000034270575378,nan,500,3.4,1700,0,-1,0.14941176772117615,0.5005882382392883,15,34.71228900461826,0.4,nan,5,adam,cosine,16,timed_out
6,gauss,22.094882025527312,22.094882025527312,16.0,16.247924505284715,16.001628696747346,4.051525829863775,3.0000722381882023,nan,500,1.8,900,1,91,0.0,0.5011110901832581,30,17.35327976333244,0.8,0.1286971688270569,5,adam,cosine,16,timed_out
6,gauss,22.094882025527312,22.094882025527312,16.0,16.8369731278328,16.001628696747346,4.051525829863775,3.0000722381882023,nan,500,2.0,1000,1,174,0.0,0.5009999871253967,30,17.35327976333244,0.8,0.12900807037949563,5,adam,cosine,16,timed_out
6,gauss,22.094882025527312,22.094882025527312,16.0,17.229672209531522,16.001628696747346,4.051525829863775,3.0000722381882023,nan,500,2.2,1100,1,579,0.0,0.5009090900421143,30,17.35327976333244,0.8,0.14159633368253707,5,adam,cosine,16,timed_out
6,gauss,22.094882025527312,22.094882025527312,16.0,16.14974973486003,16.001628696747346,4.051525829863775,3.0000722381882023,nan,500,2.4,1200,1,528,0.0,0.5008333325386047,30,17.35327976333244,0.8,0.14658527560532092,5,adam,cosine,16,timed_out
6,gauss,22.094882025527312,22.094882025527312,16.0,16.542448816558757,16.001628696747346,4.051525829863775,3.0000722381882023,nan,500,2.6,1300,1,755,0.0,0.5007692575454712,30,17.35327976333244,0.8,0.17873889729380607,5,adam,cosine,16,timed_out
6,gauss,22.094882025527312,22.094882025527312,16.0,16.8369731278328,16.001628696747346,4.051525829863775,3.0000722381882023,nan,500,2.8,1400,1,1065,0.0007142857066355646,0.5007143020629883,30,17.35327976333244,0.8,0.09245091676712036,5,adam,cosine,16,timed_out
6,gauss,22.094882025527312,22.094882025527312,16.0,17.573283906017906,16.001628696747346,4.051525829863775,3.0000722381882023,nan,500,3.0,1500,0,-1,0.02133333310484886,0.5006666779518127,30,17.35327976333244,0.8,nan,5,adam,cosine,16,timed_out
6,gauss,22.094882025527312,22.094882025527312,16.0,16.346099275709392,16.001628696747346,4.051525829863775,3.0000722381882023,nan,500,3.2,1600,0,-1,0.05375000089406967,0.5006250143051147,30,17.35327976333244,0.8,nan,5,adam,cosine,16,timed_out
6,gauss,22.094882025527312,22.094882025527312,16.0,15.11891464540088,16.001628696747346,4.051525829863775,3.0000722381882023,nan,500,3.4,1700,0,-1,0.043529409915208817,0.5005882382392883,30,17.35327976333244,0.8,nan,5,adam,cosine,16,timed_out
6,gauss,11.049013821512121,11.049013821512121,32.0,31.95588777323368,31.998710890509145,8.120512295402854,3.0000868114552417,nan,500,1.8,900,1,72,0.0,0.5011110901832581,59,8.677875162768641,1.6,0.06808152170851826,5,adam,cosine,16,timed_out
6,gauss,11.049013821512121,11.049013821512121,32.0,32.004975158446015,31.998710890509145,8.120512295402854,3.0000868114552417,nan,500,2.0,1000,1,122,0.0,0.5009999871253967,59,8.677875162768641,1.6,0.1454535663127899,5,adam,cosine,16,timed_out
6,gauss,11.049013821512121,11.049013821512121,32.0,31.072314839411543,31.998710890509145,8.120512295402854,3.0000868114552417,nan,500,2.2,1100,1,308,0.0,0.5009090900421143,59,8.677875162768641,1.6,0.07756496500223875,5,adam,cosine,16,timed_out
6,gauss,11.049013821512121,11.049013821512121,32.0,31.072314839411547,31.998710890509145,8.120512295402854,3.0000868114552417,nan,500,2.4,1200,1,317,0.0,0.5008333325386047,59,8.677875162768641,1.6,0.17253756523132324,5,adam,cosine,16,timed_out
6,gauss,11.049013821512121,11.049013821512121,32.0,32.15223731408304,31.998710890509145,8.120512295402854,3.0000868114552417,nan,500,2.6,1300,1,721,0.0,0.5007692575454712,59,8.677875162768641,1.6,0.08913002163171768,5,adam,cosine,16,timed_out
6,gauss,11.049013821512121,11.049013821512121,32.0,32.29949946972006,31.998710890509145,8.120512295402854,3.0000868114552417,nan,500,2.8,1400,1,1084,0.0,0.5007143020629883,59,8.677875162768641,1.6,0.09452982787042856,5,adam,cosine,16,timed_out
6,gauss,11.049013821512121,11.049013821512121,32.0,32.397674240144745,31.998710890509145,8.120512295402854,3.0000868114552417,nan,500,3.0,1500,1,1111,0.0006666666595265269,0.5006666779518127,59,8.677875162768641,1.6,nan,5,adam,cosine,16,timed_out
6,gauss,44.19705904895555,44.19705904895555,8.0,8.443030256522567,7.999487519616049,2.0056969593365785,3.000034270575378,nan,500,1.8,900,1,74,0.0,0.5011110901832581,15,34.71228900461826,0.4,0.20913683772087097,5,adam,cosine,16,timed_out
6,gauss,44.19705904895555,44.19705904895555,8.0,8.393942871310228,7.999487519616049,2.0056969593365785,3.000034270575378,nan,500,2.0,1000,1,135,0.0,0.5009999871253967,15,34.71228900461826,0.4,0.20648037791252136,5,adam,cosine,16,timed_out
6,gauss,44.19705904895555,44.19705904895555,8.0,9.375690575557039,7.999487519616049,2.0056969593365785,3.000034270575378,nan,500,2.2,1100,1,517,0.0,0.5009090900421143,15,34.71228900461826,0.4,0.31133017838001253,5,adam,cosine,16,timed_out
6,gauss,44.19705904895555,44.19705904895555,8.0,8.148505945248525,7.999487519616049,2.0056969593365785,3.000034270575378,nan,500,2.4,1200,1,742,0.0,0.5008333325386047,15,34.71228900461826,0.4,0.2682317540049553,5,adam,cosine,16,timed_out
6,gauss,44.19705904895555,44.19705904895555,8.0,8.933904108645974,7.999487519616049,2.0056969593365785,3.000034270575378,nan,500,2.6,1300,1,1106,0.0,0.5007692575454712,15,34.71228900461826,0.4,nan,5,adam,cosine,16,timed_out
6,gauss,44.19705904895555,44.19705904895555,8.0,9.081166264282997,7.999487519616049,2.0056969593365785,3.000034270575378,nan,500,2.8,1400,0,-1,0.016428571194410324,0.5007143020629883,15,34.71228900461826,0.4,nan,5,adam,cosine,16,timed_out
6,gauss,44.19705904895555,44.19705904895555,8.0,9.081166264282997,7.999487519616049,2.0056969593365785,3.000034270575378,nan,500,3.0,1500,0,-1,0.06933332979679108,0.5006666779518127,15,34.71228900461826,0.4,nan,5,adam,cosine,16,timed_out
6,gauss,44.19705904895555,44.19705904895555,8.0,8.63937979737193,7.999487519616049,2.0056969593365785,3.000034270575378,nan,500,3.2,1600,0,-1,0.08874999731779099,0.5006250143051147,15,34.71228900461826,0.4,nan,5,adam,cosine,16,timed_out
6,gauss,44.19705904895555,44.19705904895555,8.0,8.835729338221293,7.999487519616049,2.0056969593365785,3.000034270575378,nan,500,3.4,1700,0,-1,0.12941177189350128,0.5005882382392883,15,34.71228900461826,0.4,nan,5,adam,cosine,16,timed_out
7,gauss,22.094882025527312,22.094882025527312,16.0,16.640623586983438,16.001628696747346,4.051525829863775,3.0000722381882023,nan,500,1.8,900,1,80,0.0,0.5011110901832581,30,17.35327976333244,0.8,0.10873573366552591,5,adam,cosine,16,timed_out
7,gauss,22.094882025527312,22.094882025527312,16.0,16.346099275709392,16.001628696747346,4.051525829863775,3.0000722381882023,nan,500,2.0,1000,1,87,0.0,0.5009999871253967,30,17.35327976333244,0.8,0.12386469766497613,5,adam,cosine,16,timed_out
7,gauss,22.094882025527312,22.094882025527312,16.0,16.542448816558757,16.001628696747346,4.051525829863775,3.0000722381882023,nan,500,2.2,1100,1,369,0.0,0.5009090900421143,30,17.35327976333244,0.8,0.13971073292195796,5,adam,cosine,16,timed_out
7,gauss,22.094882025527312,22.094882025527312,16.0,16.346099275709392,16.001628696747346,4.051525829863775,3.0000722381882023,nan,500,2.4,1200,1,515,0.0,0.5008333325386047,30,17.35327976333244,0.8,0.1289373129606247,5,adam,cosine,16,timed_out
7,gauss,22.094882025527312,22.094882025527312,16.0,16.542448816558757,16.001628696747346,4.051525829863775,3.0000722381882023,nan,500,2.6,1300,1,1032,0.0,0.5007692575454712,30,17.35327976333244,0.8,0.1734220080077648,5,adam,cosine,16,timed_out
7,gauss,22.094882025527312,22.094882025527312,16.0,16.002487579223008,16.001628696747346,4.051525829863775,3.0000722381882023,nan,500,2.8,1400,1,1113,0.0,0.5007143020629883,30,17.35327976333244,0.8,nan,5,adam,cosine,16,timed_out
7,gauss,22.094882025527312,22.094882025527312,16.0,17.3278469799562,16.001628696747346,4.051525829863775,3.0000722381882023,nan,500,3.0,1500,0,-1,0.004000000189989805,0.5006666779518127,30,17.35327976333244,0.8,nan,5,adam,cosine,16,timed_out
7,gauss,22.094882025527312,22.094882025527312,16.0,15.560701112311945,16.001628696747346,4.051525829863775,3.0000722381882023,nan,500,3.2,1600,0,-1,0.021250000223517418,0.5006250143051147,30,17.35327976333244,0.8,nan,5,adam,cosine,16,timed_out
7,gauss,22.094882025527312,22.094882025527312,16.0,16.493361431346415,16.001628696747346,4.051525829863775,3.0000722381882023,nan,500,3.4,1700,0,-1,0.09941176325082779,0.5005882382392883,30,17.35327976333244,0.8,nan,5,adam,cosine,16,timed_out
7,gauss,11.049013821512121,11.049013821512121,32.0,32.15223731408304,31.998710890509145,8.120512295402854,3.0000868114552417,nan,500,1.8,900,1,55,0.0,0.5011110901832581,59,8.677875162768641,1.6,0.04994195122271776,5,adam,cosine,16,timed_out
7,gauss,11.049013821512121,11.049013821512121,32.0,30.23782929080176,31.998710890509145,8.120512295402854,3.0000868114552417,nan,500,2.0,1000,1,130,0.0,0.5009999871253967,59,8.677875162768641,1.6,0.06685601957142354,5,adam,cosine,16,timed_out
7,gauss,11.049013821512121,11.049013821512121,32.0,33.084897633117514,31.998710890509145,8.120512295402854,3.0000868114552417,nan,500,2.2,1100,1,167,0.0,0.5009090900421143,59,8.677875162768641,1.6,0.11968207694590091,5,adam,cosine,16,timed_out
7,gauss,11.049013821512121,11.049013821512121,32.0,32.888548092268145,31.998710890509145,8.120512295402854,3.0000868114552417,nan,500,2.4,1200,1,409,0.0,0.5008333325386047,59,8.677875162768641,1.6,0.07237491002306343,5,adam,cosine,16,timed_out
7,gauss,11.049013821512121,11.049013821512121,32.0,30.777790528137505,31.998710890509145,8.120512295402854,3.0000868114552417,nan,500,2.6,1300,1,570,0.0,0.5007692575454712,59,8.677875162768641,1.6,0.12991392724215983,5,adam,cosine,16,timed_out
7,gauss,11.049013821512121,11.049013821512121,32.0,32.93763547748049,31.998710890509145,8.120512295402854,3.0000868114552417,nan,500,2.8,1400,1,912,0.0014285714132711291,0.5007143020629883,59,8.677875162768641,1.6,0.13302960991859436,5,adam,cosine,16,timed_out
7,gauss,11.049013821512121,11.049013821512121,32.0,33.575771485240914,31.998710890509145,8.120512295402854,3.0000868114552417,nan,500,3.0,1500,1,961,0.0006666666595265269,0.5006666779518127,59,8.677875162768641,1.6,nan,5,adam,cosine,16,timed_out
7,gauss,44.19705904895555,44.19705904895555,8.0,9.277515805132358,7.999487519616049,2.0056969593365785,3.000034270575378,nan,500,1.8,900,1,63,0.0,0.5011110901832581,15,34.71228900461826,0.4,0.20555851981043816,5,adam,cosine,16,timed_out
7,gauss,44.19705904895555,44.19705904895555,8.0,9.130253649495335,7.999487519616049,2.0056969593365785,3.000034270575378,nan,500,2.0,1000,1,184,0.0,0.5009999871253967,15,34.71228900461826,0.4,0.22647077441215516,5,adam,cosine,16,timed_out
7,gauss,44.19705904895555,44.19705904895555,8.0,8.295768100885548,7.999487519616049,2.0056969593365785,3.000034270575378,nan,500,2.2,1100,1,561,0.0,0.5009090900421143,15,34.71228900461826,0.4,0.20988638326525688,5,adam,cosine,16,timed_out
7,gauss,44.19705904895555,44.19705904895555,8.0,8.59029241215959,7.999487519616049,2.0056969593365785,3.000034270575378,nan,500,2.4,1200,1,661,0.0,0.5008333325386047,15,34.71228900461826,0.4,0.30524936467409136,5,adam,cosine,16,timed_out
7,gauss,44.19705904895555,44.19705904895555,8.0,8.393942871310228,7.999487519616049,2.0056969593365785,3.000034270575378,nan,500,2.6,1300,1,810,0.0007692307699471712,0.5007692575454712,15,34.71228900461826,0.4,0.31047970056533813,5,adam,cosine,16,timed_out
7,gauss,44.19705904895555,44.19705904895555,8.0,9.47386534598172,7.999487519616049,2.0056969593365785,3.000034270575378,nan,500,2.8,1400,0,-1,0.014999999664723873,0.5007143020629883,15,34.71228900461826,0.4,nan,5,adam,cosine,16,timed_out
7,gauss,44.19705904895555,44.19705904895555,8.0,8.68846718258427,7.999487519616049,2.0056969593365785,3.000034270575378,nan,500,3.0,1500,0,-1,0.026000000536441803,0.5006666779518127,15,34.71228900461826,0.4,nan,5,adam,cosine,16,timed_out
7,gauss,44.19705904895555,44.19705904895555,8.0,8.884816723433632,7.999487519616049,2.0056969593365785,3.000034270575378,nan,500,3.2,1600,0,-1,0.08937499672174454,0.5006250143051147,15,34.71228900461826,0.4,nan,5,adam,cosine,16,timed_out
7,gauss,44.19705904895555,44.19705904895555,8.0,8.982991493858314,7.999487519616049,2.0056969593365785,3.000034270575378,nan,500,3.4,1700,0,-1,0.12058823555707932,0.5005882382392883,15,34.71228900461826,0.4,nan,5,adam,cosine,16,timed_out
